{
    "usuarios": [
        {
            "nombre": "Nathan",
            "puntaje_escape": 9999,
            "puntaje_cazador": 9999
        },
        {
            "nombre": "Valeria",
            "puntaje_escape": 9999,
            "puntaje_cazador": 9999
        },
        {
            "nombre": "Tinoco",
            "puntaje_escape": 150,
            "puntaje_cazador": 650
        },
        {
            "nombre": "Allison",
            "puntaje_escape": -9999,
            "puntaje_cazador": -999
        },
        {
            "nombre": "Brittany",
            "puntaje_escape": 691,
            "puntaje_cazador": 0
        }
    ]
}